관리번호,전집 권번호,제목,작가,번역자,ISBN
M-001-1,1,변신 이야기 1,오비디우스,이윤기,
M-002-1,2,변신 이야기 2,오비디우스,이윤기,
M-003-1,3,햄릿,윌리엄 셰익스피어,최종철,
M-004-1,4,"변신, 시골의사",프란츠 카프카,전영애,
M-005-1,5,동물농장,조지 오웰,도정일,
M-006-1,6,허클베리 핀의 모험,마크 트웨인,김욱동,
M-007-1,7,암흑의 핵심,조지프 콘래드,이상옥,
M-008-1,8,"토니오 크뢰거, 트리스탄, 베니스에서의 죽음",토마스 만,"임홍배, 안삼환, 한성자, 박동자",
M-009-1,9,문학이란 무엇인가,장폴 사르트르,정명환,
M-010-1,10,한국단편문학선 1,"김동인, 현진건, 이광수, 나도향, 최서해, 채만식, 이상, 이효석, 이태준, 정비석, 염상섭, 이남호, 김유정",,
M-011-1,11,인간의 굴레에서 1,서머싯 몸,송무,
M-012-1,12,인간의 굴레에서 2,서머싯 몸,송무,
M-013-1,13,"이반 데니소비치, 수용소의 하루",알렉산드르 솔제니친,이영의,
M-014-1,14,너새니얼 호손 단편선,너새니얼 호손,천승걸,
M-015-1,15,나의 미카엘,아모스 오즈,최창모,
M-016-1,16,중국신화전설 1,위앤커,"전인초, 김선자",
M-017-1,17,중국신화전설 2,위앤커,"전인초, 김선자",
M-018-1,18,고리오 영감,오노레 드 발자크,박영근,
M-019-1,19,파리대왕,윌리엄 골딩,유종호,
M-020-1,20,한국단편문학선 2,"김동리, 황순원, 오영수, 손창섭, 정한숙, 이호철, 장용학, 서기원, 박경리, 강신재, 선우휘, 이남호",,
M-021-1,21,파우스트 1,요한 볼프강 폰 괴테,정서웅,
M-022-1,22,파우스트 2,요한 볼프강 폰 괴테,정서웅,
M-023-1,23,빌헬름 마이스터의 수업시대 1,요한 볼프강 폰 괴테,안삼환,
M-024-1,24,빌헬름 마이스터의 수업시대 2,요한 볼프강 폰 괴테,안삼환,
M-025-1,25,젊은 베르테르의 슬픔,요한 볼프강 폰 괴테,박찬기,
M-026-1,26,"이피게니에, 스텔라",요한 볼프강 폰 괴테,"박찬기, 김주연, 송윤엽, 최민숙, 최승수",
M-027-1,27,다섯째 아이,도리스 레싱,정덕애,
M-028-1,28,삶의 한가운데,루이제 린저,박찬일,
M-029-1,29,농담,밀란 쿤데라,방미경,
M-030-1,30,야성의 부름,잭 런던,권택영,
M-031-1,31,아메리칸,헨리 제임스,최경도,
M-032-1,32,양철북 1,귄터 그라스,장희창,
M-033-1,33,양철북 2,귄터 그라스,장희창,
M-034-1,34,백년의 고독 1,가브리엘 가르시아 마르케스,조구호,
M-035-1,35,백년의 고독 2,가브리엘 가르시아 마르케스,조구호,
M-036-1,36,마담 보바리,귀스타브 플로베르,김화영,
M-037-1,37,거미여인의 키스,마누엘 푸익,송병선,
M-038-1,38,달과 6펜스,서머싯 몸,송무,
M-039-1,39,폴란드의 풍차,장 지오노,박인철,
M-040-1,40,독일어 시간 1,지그프리트 렌츠,정서웅,
M-041-1,41,독일어 시간 2,지그프리트 렌츠,정서웅,
M-042-1,42,말테의 수기,라이너 마리아 릴케,문현미,
M-043-1,43,고도를 기다리며,사뮈엘 베케트,오증자,
M-044-1,44,데미안,헤르만 헤세,전영애,
M-045-1,45,젊은 예술가의 초상,제임스 조이스,이상옥,
M-046-1,46,카탈로니아 찬가,조지 오웰,정영목,
M-047-1,47,호밀밭의 파수꾼,제롬 데이비드 샐린저,정영목,
M-048-1,48,파르마의 수도원 1,스탕달,"원윤수, 임미경",
M-049-1,49,파르마의 수도원 2,스탕달,"원윤수, 임미경",
M-050-1,50,수레바퀴 아래서,헤르만 헤세,김이섭,
M-053-1,53,오셀로,윌리엄 셰익스피어,최종철,
M-054-1,54,조서,르 클레지오,김윤진,
M-056-1,56,부덴브로크 가의 사람들 1,토마스 만,홍성광,
M-057-1,57,부덴브로크 가의 사람들 2,토마스 만,홍성광,
M-059-1,59,아들과 연인 1,D. H. 로렌스,정상준,
M-060-1,60,아들과 연인 2,D. H. 로렌스,정상준,
M-061-1,61,설국,가와바타 야스나리,유숙자,
M-062-1,62,"벨킨 이야기, 스페이드 여왕",알렉산드르 푸시킨,최선,
M-063-1,63,넙치 1,귄터 그라스,김재혁,
M-064-1,64,넙치 2,귄터 그라스,김재혁,
M-065-1,65,소망 없는 불행,페터 한트케,윤용호,
M-066-1,66,나르치스와 골드문트,헤르만 헤세,임홍배,
M-067-1,67,황야의 이리,헤르만 헤세,김누리,
M-068-1,68,페테르부르크 이야기,니콜라이 고골,조주관,
M-069-1,69,밤으로의 긴 여로,유진 오닐,민승남,
M-070-1,70,체호프 단편선,안톤 체호프,박현섭,
M-071-1,71,버스 정류장,가오싱젠,오수경,
M-072-1,72,구운몽,김만중,송성욱,
M-073-1,73,대머리 여가수,외젠 이오네스코,오세곤,
M-074-1,74,이솝 우화집,이솝,유종호,
M-075-1,75,위대한 개츠비,F. 스콧 피츠제럴드,김욱동,
M-076-1,76,푸른 꽃,노발리스,김재혁,
M-077-1,77,1984,조지 오웰,정회성,
M-078-1,78,영혼의 집 1,이사벨 아옌데,권미선,
M-079-1,79,영혼의 집 2,이사벨 아옌데,권미선,
M-080-1,80,첫사랑,이반 세르게예비치 투르게네프,이항재,
M-081-1,81,내가 죽어 누워 있을 때,윌리엄 포크너,김명주,
M-082-1,82,런던 스케치,도리스 레싱,서숙,
M-083-1,83,팡세,파스칼,이환,
M-084-1,84,질투,로브그리예,"박이문, 박희원",
M-085-1,85,채털리 부인의 연인 1,D. H. 로렌스,이인규,
M-086-1,86,채털리 부인의 연인 2,D. H. 로렌스,이인규,
M-087-1,87,그 후,나쓰메 소세키,,
M-088-1,88,오만과 편견,제인 오스틴,"윤지관, 전승희",
M-089-1,89,부활 1,레프 니콜라예비치 톨스토이,연진희,
M-090-1,90,부활 2,레프 니콜라예비치 톨스토이,연진희,
M-091-1,91,"방드르디, 태평양의 끝",미셸 투르니에,김화영,
M-092-1,92,미겔 스트리트,V. S. 나이폴,이상옥,
M-093-1,93,페드로 파라모,후안 룰포,정창,
M-094-1,94,차라투스트라는 이렇게 말했다,프리드리히 니체,장희창,
M-096-1,96,적과 흑 2,스탕달,이동렬,
M-097-1,97,콜레라 시대의 사랑 1,가브리엘 가르시아 마르케스,송병선,
M-098-1,98,콜레라 시대의 사랑 2,가브리엘 가르시아 마르케스,송병선,
M-099-1,99,맥베스,윌리엄 셰익스피어,최종철,
M-100-1,100,춘향전,"백범영, 미상",송성욱,
M-101-1,101,페르디두르케,비톨트 곰브로비치,윤진,
M-102-1,102,포르노그라피아,비톨트 곰브로비치,임미경,
M-103-1,103,인간 실격,다자이 오사무,김춘미,
M-104-1,104,네루다의 우편배달부,안토니오 스카르메타,우석균,
M-105-1,105,이탈리아 기행 1,요한 볼프강 폰 괴테,"박찬기, 이봉무, 주경순",
M-106-1,106,이탈리아 기행 2,요한 볼프강 폰 괴테,"박찬기, 주경순, 이봉무",
M-107-1,107,나무 위의 남작,이탈로 칼비노,이현경,
M-108-1,108,달콤 쌉싸름한 초콜릿,라우라 에스키벨,권미선,
M-109-1,109,제인 에어 1,샬럿 브론테,유종호,
M-110-1,110,제인 에어 2,샬럿 브론테,유종호,
M-111-1,111,크눌프,헤르만 헤세,이노은,
M-112-1,112,시계태엽 오렌지,앤서니 버지스,박시영,
M-113-1,113,파리의 노트르담 1,빅토르 위고,정기수,
M-114-1,114,파리의 노트르담 2,빅토르 위고,정기수,
M-115-1,115,새로운 인생,"단테 알리기에리, 단테 가브리엘 로세티",박우수,
M-116-1,116,로드 짐 1,조지프 콘래드,이상옥,
M-117-1,117,로드 짐 2,조지프 콘래드,이상옥,
M-118-1,118,폭풍의 언덕,에밀리 브론테,김종길,
M-119-1,119,텔크테에서의 만남,귄터 그라스,안삼환,
M-120-1,120,검찰관,니콜라이 고골,조주관,
M-121-1,121,안개,미겔 데 우나무노,조민현,
M-122-1,122,나사의 회전,헨리 제임스,최경도,
M-123-1,123,피츠제럴드 단편선 1,F. 스콧 피츠제럴드,김욱동,
M-124-1,124,목화밭의 고독 속에서,베르나르마리 콜테스,임수현,
M-125-1,125,돼지꿈,황석영,,
M-126-1,126,라셀라스,새뮤얼 존슨,이인규,
M-127-1,127,리어 왕,윌리엄 셰익스피어,최종철,
M-128-1,128,쿠오 바디스 1,헨릭 시엔키에비츠,최성은,
M-129-1,129,쿠오 바디스 2,헨릭 시엔키에비츠,최성은,
M-130-1,130,자기만의 방·3기니 (세계문학전집),버지니아 울프,이미애,
M-131-1,131,시르트의 바닷가,쥘리앙 그라크,송진석,
M-132-1,132,이성과 감성,제인 오스틴,윤지관,
M-133-1,133,바덴바덴에서의 여름,레오니드 치프킨,이장욱,
M-134-1,134,새로운 인생,오르한 파묵,이난아,
M-135-1,135,무지개 1,D. H. 로렌스,김정매,
M-136-1,136,무지개 2,D. H. 로렌스,김정매,
M-137-1,137,인생의 베일,서머싯 몸,황소연,
M-138-1,138,보이지 않는 도시들,이탈로 칼비노,이현경,
M-139-1,139,연초 도매상 1,존 바스,이운경,
M-140-1,140,연초 도매상 2,존 바스,이운경,
M-141-1,141,연초 도매상 3,존 바스,이운경,
M-142-1,142,플로스 강의 물방앗간 1,조지 엘리엇,"한애경, 이봉지",
M-143-1,143,플로스 강의 물방앗간 2,조지 엘리엇,"한애경, 이봉지",
M-144-1,144,연인,마르그리트 뒤라스,김인환,
M-145-1,145,이름 없는 주드 1,토머스 하디,정종화,
M-146-1,146,이름 없는 주드 2,토머스 하디,정종화,
M-147-1,147,제49호 품목의 경매,토머스 핀천,김성곤,
M-148-1,148,성역,윌리엄 포크너,이진준,
M-149-1,149,무진기행,김승옥,,
M-150-1,150,신곡 1,단테 알리기에리,박상진,
M-152-1,152,신곡 3,단테 알리기에리,박상진,
M-153-1,153,구덩이,안드레이 플라토노프,정보라,
M-154-1,154,카라마조프가의 형제들 1,표도르 도스토옙스키,김연경,
M-155-1,155,카라마조프가의 형제들 2,표도르 도스토옙스키,김연경,
M-156-1,156,카라마조프가의 형제들 3,표도르 도스토옙스키,김연경,
M-157-1,157,지상의 양식,앙드레 지드,김화영,
M-158-1,158,밤의 군대들,노먼 메일러,권택영,
M-159-1,159,주홍 글자,너새니얼 호손,김욱동,
M-160-1,160,깊은 강,엔도 슈사쿠,유숙자,
M-161-1,161,욕망이라는 이름의 전차,테네시 윌리엄스,김소임,
M-162-1,162,마사 퀘스트,도리스 레싱,나영균,
M-163-1,163,운명의 딸 1,이사벨 아옌데,권미선,
M-164-1,164,운명의 딸 2,이사벨 아옌데,권미선,
M-165-1,165,모렐의 발명,아돌포 비오이 카사레스,송병선,
M-167-1,167,풀잎은 노래한다,도리스 레싱,이태동,
M-168-1,168,파리의 우울,보들레르,윤영애,
M-169-1,169,포스트맨은 벨을 두 번 울린다,제임스 M. 케인,이만식,
M-170-1,170,썩은 잎,가브리엘 가르시아 마르케스,송병선,
M-171-1,171,모든 것이 산산이 부서지다,치누아 아체베,조규형,
M-172-1,172,한여름 밤의 꿈,윌리엄 셰익스피어,최종철,
M-173-1,173,로미오와 줄리엣,윌리엄 셰익스피어,최종철,
M-174-1,174,분노의 포도 1,존 스타인벡,김승욱,
M-175-1,175,분노의 포도 2,존 스타인벡,김승욱,
M-176-1,176,괴테와의 대화 1,요한 페터 에커만,장희창,
M-177-1,177,괴테와의 대화 2,요한 페터 에커만,장희창,
M-178-1,178,그물을 헤치고,아이리스 머독,유종호,
M-179-1,179,브람스를 좋아하세요...,프랑수아즈 사강,김남주,
M-180-1,180,카타리나 블룸의 잃어버린 명예,하인리히 뵐,김연수,
M-181-1,181,에덴의 동쪽 1,존 스타인벡,정회성,
M-182-1,182,에덴의 동쪽 2,존 스타인벡,정회성,
M-183-1,183,순수의 시대,이디스 워튼,송은주,
M-184-1,184,도둑 일기,장 주네,박형섭,
M-185-1,185,나자,앙드레 브르통,오생근,
M-186-1,186,캐치-22 1,조지프 헬러,안정효,
M-187-1,187,캐치-22 2,조지프 헬러,안정효,
M-188-1,188,숄로호프 단편선,미하일 알렉산드로비치 숄로호프,이항재,
M-189-1,189,말,장폴 사르트르,정명환,
M-190-1,190,보이지 않는 인간 1,랠프 엘리슨,조영환,
M-191-1,191,보이지 않는 인간 2,랠프 엘리슨,조영환,
M-192-1,192,왑샷 가문 연대기,존 치버,김승욱,
M-193-1,193,왑샷 가문 몰락기,존 치버,김승욱,
M-194-1,194,필립과 다른 사람들,세스 노터봄,지명숙,
M-195-1,195,하드리아누스 황제의 회상록 1,마르그리트 유르스나르,곽광수,
M-196-1,196,하드리아누스 황제의 회상록 2,마르그리트 유르스나르,곽광수,
M-197-1,197,소피의 선택 1,윌리엄 스타이런,한정아,
M-198-1,198,소피의 선택 2,윌리엄 스타이런,한정아,
M-199-1,199,피츠제럴드 단편선 2,F. 스콧 피츠제럴드,한은경,
M-200-1,200,홍길동전,"허균, 백범영",김탁환,
M-201-1,201,요술 부지깽이,로버트 쿠버,양윤희,
M-202-1,202,북호텔,외젠 다비,원윤수,
M-203-1,203,톰 소여의 모험,마크 트웨인,김욱동,
M-204-1,204,금오신화,김시습,이지하,
M-205-1,205,테스 1,토머스 하디,정종화,
M-206-1,206,테스 2,토머스 하디,정종화,
M-207-1,207,브루스터플레이스의 여자들,글로리아 네일러,이소영,
M-208-1,208,더 이상 평안은 없다,치누아 아체베,이소영,
M-209-1,209,그레인지 코플랜드의 세 번째 인생,앨리스 워커,김시현,
M-210-1,210,어느 시골 신부의 일기,조르주 베르나노스,정영란,
M-211-1,211,타라스 불바,니콜라이 고골,조주관,
M-212-1,212,위대한 유산 1,찰스 디킨스,이인규,
M-213-1,213,위대한 유산 2,찰스 디킨스,이인규,
M-214-1,214,면도날,서머싯 몸,안진환,
M-215-1,215,성채 1,A. J. 크로닌,이은정,
M-216-1,216,성채 2,A. J. 크로닌,이은정,
M-217-1,217,오이디푸스 왕,소포클레스,강대진,
M-218-1,218,세일즈맨의 죽음,아서 밀러,강유나,
M-219-1,219,안나 카레니나 1,레프 니콜라예비치 톨스토이,연진희,
M-220-1,220,안나 카레니나 2,레프 니콜라예비치 톨스토이,연진희,
M-221-1,221,안나 카레니나 3,레프 니콜라예비치 톨스토이,연진희,
M-222-1,222,오스카 와일드 작품선,오스카 와일드,정영목,
M-223-1,223,벨아미,기 드 모파상,송덕호,
M-224-1,224,파스쿠알 두아르테 가족,카밀로 호세 셀라,정동섭,
M-225-1,225,시칠리아에서의 대화,엘리오 비토리니,김운찬,
M-226-1,226,길 위에서 1,잭 케루악,이만식,
M-227-1,227,길 위에서 2,잭 케루악,이만식,
M-228-1,228,우리 시대의 영웅,미하일 유리예비치 레르몬토프,오정미,
M-229-1,229,아우라,카를로스 푸엔테스,송상기,
M-230-1,230,클링조어의 마지막 여름,헤르만 헤세,황승환,
M-231-1,231,리스본의 겨울,안토니오 무뇨스 몰리나,나송주,
M-232-1,232,뻐꾸기 둥지 위로 날아간 새,켄 키지,정회성,
M-233-1,233,페널티킥 앞에 선 골키퍼의 불안,페터 한트케,윤용호,
M-234-1,234,참을 수 없는 존재의 가벼움,밀란 쿤데라,이재룡,
M-235-1,235,"바다여, 바다여 1",아이리스 머독,최옥영,
M-236-1,236,"바다여, 바다여 2",아이리스 머독,최옥영,
M-237-1,237,한 줌의 먼지,에벌린 워,안진환,
M-238-1,238,뜨거운 양철 지붕 위의 고양이·유리 동물원,테네시 윌리엄스,김소임,
M-239-1,239,지하로부터의 수기,표도르 도스토옙스키,김연경,
M-240-1,240,키메라,존 바스,이운경,
M-241-1,241,반쪼가리 자작,이탈로 칼비노,이현경,
M-242-1,242,벌집,카밀로 호세 셀라,남진희,
M-243-1,243,불멸,밀란 쿤데라,김병욱,
M-244-1,244,파우스트 박사 1,토마스 만,"임홍배, 박병덕",
M-245-1,245,파우스트 박사 2,토마스 만,"임홍배, 박병덕",
M-246-1,246,사랑할 때와 죽을 때,에리히 마리아 레마르크,장희창,
M-247-1,247,누가 버지니아 울프를 두려워하랴?,에드워드 올비,강유나,
M-248-1,248,인형의 집,헨리크 입센,안미란,
M-249-1,249,위폐범들,앙드레 지드,원윤수,
M-250-1,250,무정,"이광수, 정영훈",,
M-251-1,251,의지와 운명 1,카를로스 푸엔테스,김현철,
M-252-1,252,의지와 운명 2,카를로스 푸엔테스,김현철,
M-253-1,253,폭력적인 삶,피에르 파올로 파솔리니,이승수,
M-254-1,254,거장과 마르가리타,미하일 불가코프,정보라,
M-255-1,255,경이로운 도시 1,에두아르도 멘도사,김현철,
M-256-1,256,경이로운 도시 2,에두아르도 멘도사,김현철,
M-257-1,257,야콥을 둘러싼 추측들,우베 욘존,손대영,
M-258-1,258,왕자와 거지,마크 트웨인,김욱동,
M-259-1,259,존재하지 않는 기사,이탈로 칼비노,이현경,
M-260-1,260,눈먼 암살자 1 (세계문학전집),마거릿 애트우드,차은정,
M-261-1,261,눈먼 암살자 2 (세계문학전집),마거릿 애트우드,차은정,
M-262-1,262,베니스의 상인,윌리엄 셰익스피어,최종철,
M-263-1,263,말리나,잉에보르크 바흐만,남정애,
M-264-1,264,사볼타 사건의 진실,에두아르도 멘도사,권미선,
M-265-1,265,뒤렌마트 희곡선,프리드리히 뒤렌마트,김혜숙,
M-266-1,266,이방인,알베르 카뮈,김화영,
M-267-1,267,페스트,알베르 카뮈,김화영,
M-268-1,268,검은 튤립,알렉상드르 뒤마,,
M-269-1,269,베를린 알렉산더 광장 1,알프레트 되블린,김재혁,
M-270-1,270,베를린 알렉산더 광장 2,알프레트 되블린,김재혁,
M-271-1,271,하얀 성,오르한 파묵,이난아,
M-272-1,272,푸슈킨 선집,알렉산드르 푸시킨,최선,
M-273-1,273,유리알 유희 1,헤르만 헤세,이영임,
M-274-1,274,유리알 유희 2,헤르만 헤세,이영임,
M-275-1,275,픽션들,호르헤 루이스 보르헤스,송병선,
M-276-1,276,신의 화살,치누아 아체베,이소영,
M-277-1,277,빌헬름 텔·간계와 사랑,프리드리히 실러,홍성광,
M-278-1,278,노인과 바다,어니스트 헤밍웨이,김욱동,
M-279-1,279,무기여 잘 있어라,어니스트 헤밍웨이,김욱동,
M-280-1,280,태양은 다시 떠오른다,어니스트 헤밍웨이,김욱동,
M-281-1,281,알레프,호르헤 루이스 보르헤스,송병선,
M-282-1,282,일곱 박공의 집,너새니얼 호손,정소영,
M-283-1,283,에마,제인 오스틴,"윤지관, 김영희",
M-284-1,284,죄와 벌 1,표도르 도스토옙스키,김연경,
M-285-1,285,죄와 벌 2,표도르 도스토옙스키,김연경,
M-286-1,286,시련,아서 밀러,최영,
M-287-1,287,모두가 나의 아들,아서 밀러,최영,
M-288-1,288,누구를 위하여 종은 울리나 1,어니스트 헤밍웨이,김욱동,
M-289-1,289,누구를 위하여 종은 울리나 2,어니스트 헤밍웨이,김욱동,
M-290-1,290,구르브 연락 없다,에두아르도 멘도사,정창,
M-291-1,291,데카메론 1,조반니 보카치오,박상진,
M-292-1,292,데카메론 2,조반니 보카치오,박상진,
M-293-1,293,데카메론 3,조반니 보카치오,박상진,
M-294-1,294,나누어진 하늘,크리스타 볼프,전영애,
M-295-1,295,제브데트 씨와 아들들 1,오르한 파묵,이난아,
M-296-1,296,제브데트 씨와 아들들 2,오르한 파묵,이난아,
M-297-1,297,여인의 초상 1,헨리 제임스,최경도,
M-298-1,298,여인의 초상 2,헨리 제임스,최경도,
M-299-1,299,"압살롬, 압살롬!",윌리엄 포크너,이태동,
M-300-1,300,이상 소설 전집,"이상, 권영민",,
M-301-1,301,레 미제라블1,빅토르 위고,정기수,
M-302-1,302,레 미제라블2,빅토르 위고,정기수,
M-303-1,303,레 미제라블3,빅토르 위고,정기수,
M-304-1,304,레 미제라블4,빅토르 위고,정기수,
M-305-1,305,레 미제라블5,빅토르 위고,정기수,
M-306-1,306,관객모독,페터 한트케,윤용호,
M-307-1,307,더블린 사람들,제임스 조이스,이종일,
M-308-1,308,에드거 앨런 포 단편선,에드거 앨런 포,전승희,
M-309-1,309,보이체크·당통의 죽음,게오르크 뷔히너,홍성광,
M-310-1,310,노르웨이의 숲 (세계문학전집),무라카미 하루키,양억관,
M-311-1,311,운명론자 자크와 그의 주인,드니 디드로,김희영,
M-312-1,312,헤밍웨이 단편선 1,어니스트 헤밍웨이,,
M-313-1,313,헤밍웨이 단편선 2,어니스트 헤밍웨이,,
M-314-1,314,피라미드,윌리엄 골딩,안지현,
M-315-1,315,닫힌 방. 악마와 선한 신,장폴 사르트르,지영래,
M-316-1,316,등대로,버지니아 울프,이미애,
M-317-1,317,한국 희곡선 1,양승국,,
M-318-1,318,한국 희곡선 2,양승국,,
M-319-1,319,여자의 일생,기 드 모파상,이동렬,
M-320-1,320,의식,세스 노터봄,김영중,
M-321-1,321,육체의 악마,레몽 라디게,원윤수,
M-322-1,322,감정 교육 1,귀스타브 플로베르,지영화,
M-323-1,323,감정 교육 2,귀스타브 플로베르,지영화,
M-324-1,324,불타는 평원,후안 룰포,정창,
M-325-1,325,위대한 몬느,알랭푸르니에,박영근,
M-326-1,326,라쇼몬,아쿠타가와 류노스케,서은혜,
M-327-1,327,반바지 당나귀,앙리 보스코,정영란,
M-328-1,328,정복자들,앙드레 말로,최윤주,
M-329-1,329,우리 동네 아이들 1,나지브 마흐푸즈,배혜경,
M-330-1,330,우리 동네 아이들 2,나지브 마흐푸즈,배혜경,
M-331-1,331,개선문 1,에리히 마리아 레마르크,장희창,
M-332-1,332,개선문 2,에리히 마리아 레마르크,장희창,
M-333-1,333,사바나의 개미 언덕,치누아 아체베,이소영,
M-334-1,334,게걸음으로,귄터 그라스,장희창,
M-335-1,335,코스모스,비톨트 곰브로비치,최성은,
M-336-1,336,좁은 문•전원교향곡•배덕자,앙드레 지드,동성식,
M-337-1,337,암 병동 1,알렉산드르 솔제니친,이영의,
M-338-1,338,암 병동 2,알렉산드르 솔제니친,이영의,
M-339-1,339,피의 꽃잎들,응구기 와 시옹오,왕은철,
M-340-1,340,운명,임레 케르테스,유진일,
M-341-1,341,벌거벗은 자와 죽은 자 1,노먼 메일러,이운경,
M-342-1,342,벌거벗은 자와 죽은 자 2,노먼 메일러,이운경,
M-343-1,343,시지프 신화,알베르 카뮈,김화영,
M-344-1,344,뇌우,차오위,오수경,
M-345-1,345,모옌 중단편선,모옌,"심규호, 유소영",
M-346-1,346,일야서,한사오궁,"심규호, 유소영",
M-347-1,347,상속자들,윌리엄 골딩,안지현,
M-348-1,348,설득,제인 오스틴,전승희,
M-349-1,349,히로시마 내 사랑,마르그리트 뒤라스,방미경,
M-350-1,350,오 헨리 단편선,오 헨리,김희용,
M-351-1,351,올리버 트위스트 1,찰스 디킨스,이인규,
M-352-1,352,올리버 트위스트 2,찰스 디킨스,이인규,
M-353-1,353,전쟁과 평화 1,레프 니콜라예비치 톨스토이,연진희,
M-354-1,354,전쟁과 평화 2,레프 니콜라예비치 톨스토이,연진희,
M-355-1,355,전쟁과 평화 3,레프 니콜라예비치 톨스토이,연진희,
M-356-1,356,전쟁과 평화 4,레프 니콜라예비치 톨스토이,연진희,
M-357-1,357,다시 찾은 브라이즈헤드,에벌린 워,백지민,
M-359-1,359,사양,다자이 오사무,유숙자,
M-360-1,360,좌절,임레 케르테스,한경민,
M-362-1,362,닥터 지바고 2,보리스 파스테르나크,김연경,
M-363-1,363,노생거 사원,제인 오스틴(Jane Austen),윤지관,
M-364-1,364,개구리,모옌,"심규호, 유소영",
M-365-1,365,마왕,미셸 투르니에,이원복,
M-366-1,366,맨스필드 파크,제인 오스틴,김영희,
M-367-1,367,이선 프롬,이디스 워튼,김욱동,
M-368-1,368,여름,이디스 워튼,김욱동,
M-369-1,369,나는 고백한다 1,자우메 카브레,권가람,
M-370-1,370,나는 고백한다 2,자우메 카브레,권가람,
M-371-1,371,나는 고백한다 3,자우메 카브레,권가람,
M-372-1,372,태엽 감는 새 연대기 1,무라카미 하루키,김난주,
M-373-1,373,태엽 감는 새 연대기 2,무라카미 하루키,김난주,
M-374-1,374,태엽 감는 새 연대기 3,무라카미 하루키,김난주,
M-375-1,375,대사들 1,헨리 제임스,정소영,
M-376-1,376,대사들 2,헨리 제임스,정소영,
M-377-1,377,족장의 가을,가브리엘 가르시아 마르케스,송병선,
M-379-1,379,모두 다 예쁜 말들,코맥 매카시,김시현,
M-380-1,380,국경을 넘어,코맥 매카시,김시현,
M-381-1,381,평원의 도시들,코맥 매카시,김시현,
M-382-1,382,만년,다자이 오사무,유숙자,
M-383-1,383,반항하는 인간,알베르 카뮈,김화영,
M-384-1,384,악령 1,표도르 도스토옙스키,김연경,
M-385-1,385,악령 2,표도르 도스토옙스키,김연경,
M-386-1,386,악령 3,표도르 도스토옙스키,김연경,
M-387-1,387,태평양을 막는 제방,마르그리트 뒤라스,윤진,
M-388-1,388,남아 있는 나날,가즈오 이시구로,송은경,
M-389-1,389,앙리 브륄라르의 생애,스탕달,원윤수,
M-390-1,390,찻집,라오서,오수경,
M-391-1,391,태어나지 않은 아이를 위한 기도,임레 케르테스,이상동,
M-392-1,392,서머싯 몸 단편선 1,서머싯 몸,황소연,
M-393-1,393,서머싯 몸 단편선 2,서머싯 몸,황소연,
M-394-1,394,케이크와 맥주,서머싯 몸,황소연,
M-395-1,395,월든,헨리 데이비드 소로,정회성,
M-396-1,396,모래 사나이,E.T.A. 호프만,신동화,
M-397-1,397,검은 책 1,오르한 파묵,이난아,
M-398-1,398,검은 책 2,오르한 파묵,이난아,
M-399-1,399,방랑자들,올가 토카르추크,최성은,
M-400-1,400,"시여, 침을 뱉어라","김수영, 이영준",,
M-401-1,401,환락의 집 1,이디스 워튼,전승희,
M-402-1,402,환락의 집 2,이디스 워튼,전승희,
M-403-1,403,달려라 메로스,다자이 오사무,유숙자,
M-404-1,404,아버지와 자식,이반 세르게예비치 투르게네프,연진희,
M-405-1,405,청부 살인자의 성모,페르난도 바예호,송병선,
M-406-1,406,세피아빛 초상,이사벨 아옌데,조영실,
M-407-1,407,사기 열전1,사마천,김원중,
M-408-1,408,사기 열전2,사마천,김원중,
M-409-1,409,사기 열전3,사마천,김원중,
M-410-1,410,사기 열전4,사마천,김원중,
M-411-1,411,이상 시 전집,"이상, 권영민",,
M-412-1,412,어둠 속의 사건,오노레 드 발자크,이동렬,
M-413-1,413,태평천하,"채만식, 권영민",,
M-414-1,414,노스트로모 1,조지프 콘래드,이미애,
M-415-1,415,노스트로모 2,조지프 콘래드,이미애,
M-416-1,416,제르미날 1,에밀 졸라,강충권,
M-417-1,417,제르미날 2,에밀 졸라,강충권,
M-418-1,418,명인,가와바타 야스나리,유숙자,
M-419-1,419,핀처 마틴,윌리엄 골딩,백지민,
M-420-1,420,사라진·샤베르 대령,오노레 드 발자크,선영아,
M-421-1,421,빅 서,잭 케루악,김재성,
M-422-1,422,코뿔소,외젠 이오네스코,박형섭,
M-423-1,423,블랙박스,아모스 오즈,"윤성덕, 김영화",
M-424-1,424,고양이 눈 1,마거릿 애트우드,차은정,
M-425-1,425,고양이 눈 2,마거릿 애트우드,차은정,
M-426-1,426,도둑 신부 1,마거릿 애트우드,이은선,
M-427-1,427,도둑 신부 2,마거릿 애트우드,이은선,
M-428-1,428,슈니츨러 작품선,아르투어 슈니츨러(Arthur Schnitzler),신동화,
M-429-1,429,세계의 끝과 하드보일드 원더랜드 1,무라카미 하루키,김난주,
M-430-1,430,세계의 끝과 하드보일드 원더랜드 2,무라카미 하루키,김난주,
M-431-1,431,멜랑콜리아 I-II,욘 포세,손화수,
M-432-1,432,도적들,프리드리히 실러,홍성광,
M-433-1,433,예브게니 오네긴·대위의 딸,알렉산드르 푸시킨,최선,
M-434-1,434,초대받은 여자 1,시몬 드 보부아르,강초롱,
M-435-1,435,초대받은 여자 2,시몬 드 보부아르,강초롱,
M-436-1,436,미들마치 1,조지 엘리엇,,
M-437-1,437,미들마치 2,조지 엘리엇,,
M-438-1,438,이반 일리치의 죽음,레프 니콜라예비치 톨스토이,김연경,
M-439-1,439,캔터베리 이야기 1,제프리 초서,"이동일, 이동춘",
M-440-1,440,캔터베리 이야기 2,제프리 초서,"이동일, 이동춘",
M-441-1,441,아소무아르(목로주점) 1,에밀 졸라,윤진,
M-442-1,442,아소무아르(목로주점) 2,에밀 졸라,윤진,
M-443-1,443,가난한 사람들,표도르 도스토옙스키,이항재,
M-444-1,444,마차오 사전 1,한사오궁,"심규호, 유소영",
M-445-1,445,마차오 사전 2,한사오궁,"심규호, 유소영",
M-446-1,446,집으로 날아가다,랠프 엘리슨,왕은철,
M-447-1,447,집으로부터 멀리,피터 케리,황가한,
M-448-1,448,바스커빌가의 사냥개,아서 코넌 도일,박산호,
M-449-1,449,사냥꾼의 스케치,이반 세르게예비치 투르게네프,연진희,
M-450-1,450,필경사 바틀비‧선원 빌리 버드,허먼 멜빌,이삼출,
M-451-1,451,8월은 악마의 달,에드나 오브라이언,임슬애,
M-452-1,452,헌등사,다와다 요코,유라주,
M-453-1,453,"색, 계",장아이링(張愛玲),문현선,
M-454-1,454,겨울 여행,자우메 카브레,권가람,
M-455-1,455,기억의 빛,마이클 온다치,,
M-456-1,456,표범,주세페 토마시 디 람페두사,이현경,
M-457-1,457,크리스마스 캐럴,찰스 디킨스,김희용,
M-458-1,458,버진 수어사이드,제프리 유제니디스Jeffrey Eugenides,이화연,
M-459-1,459,미들섹스 1,제프리 유제니디스Jeffrey Eugenides,이화연,
M-460-1,460,미들섹스 2,제프리 유제니디스Jeffrey Eugenides,"이화연, 송은주",
M-461-1,461,사랑에 대하여,안톤 체호프,이항재,
M-462-1,462,나?,페터 플람,,
M-463-1,463,지킬 박사와 하이드 씨의 기이한 사건,로버트 루이스 스티븐슨,전승희,
M-464-1,464,박지원 소설선,박지원,안대회,
M-465-1,465,안과 겉‧결혼‧여름,알베르 카뮈,김화영,
M-466-1,466,소중한 저주,제럴드 머네인,차은정,
M-467-1,467,향성,나탈리 사로트,위효정,
M-468-1,468,퀴어,윌리엄 S. 버로스,조동섭,
M-469-1,469,악수도 없이 헤어졌다,피천득,,
M-471-1,471,쓰가루,다자이 오사무,유숙자,
M-472-1,472,사람은 무엇으로 사는가,레프 니콜라예비치 톨스토이,연진희,
M-473-1,473,도련님,나쓰메 소세키,김경원,
M-474-1,474,골짜기의 백합,오노레 드 발자크,송덕호,
M-475-1,475,체호프 희곡선,안톤 체호프,김혜란,
M-476-1,476,레볼루셔너리 로드,리처드 예이츠,이삼출,
M-480-1,480,노스탈지아,미르체아 커르터레스쿠,한성숙,
M-481-1,481,명심보감,범입본,안대회,
M-484-1,484,댈러웨이 부인,버지니아 울프,이미애,
M-485-1,485,올빼미의 낮,"레오나르도 샤샤, 이현경",,
M-486-1,486,잃어버린 환상 1,오노레 드 발자크,,
M-487-1,487,잃어버린 환상 2,오노레 드 발자크,,
M-488-1,488,잃어버린 환상 3,오노레 드 발자크,,
M-489-1,489,사교계의 영광과 비참 1,오노레 드 발자크,,
M-490-1,490,사교계의 영광과 비참 2,오노레 드 발자크,,
M-491-1,491,모범소설 1,미겔 데 세르반테스,박철,
M-492-1,492,모범소설 2,미겔 데 세르반테스,박철,
M-493-1,493,패싱,넬라 라슨,서숙,
M-494-1,494,사건,아니 에르노,윤석헌,
M-496-1,496,바라모,세사르 아이라,권미선,
M-497-1,497,백치 1,표도르 도스토옙스키,김연경,
M-498-1,498,백치 2,표도르 도스토옙스키,김연경,
M-500-1,500,압록강은 흐른다,이미륵,안삼환,
M-501-1,501,밀회,아베 코보,송태욱,
M-502-1,502,순수,가브리엘레 단눈치오,이현경,
